Java,Server-Administration und Systemverwaltung,.NET,Web,AutoCAD,XML,Datenbanken,Programmiersprachen,Netzwerke,Design,Mobile Geräte,Objektorientierung,Office,Notes,SAP,Linux
5,1,2,0,0,0,0,0,0,0,0,0,0,0,0,0
1,0,0,2,0,0,0,0,0,0,0,0,0,0,0,0
3,2,0,0,2,1,0,0,0,0,0,0,0,0,0,0
1,0,1,1,0,1,0,0,0,0,0,0,0,0,0,0
4,0,0,1,1,0,0,0,0,0,0,0,0,0,0,0
4,1,0,0,0,1,1,1,0,0,0,0,0,0,0,0
2,0,0,0,0,0,1,0,0,0,0,0,0,0,0,0
1,0,1,1,1,0,1,0,1,0,0,0,0,0,0,0
3,0,3,0,0,2,0,1,0,0,0,0,0,0,0,0
2,0,1,0,0,1,1,0,1,1,0,0,0,0,0,0
6,1,0,1,0,0,0,0,0,0,0,0,0,0,0,0
0,0,0,0,0,0,0,0,0,0,1,0,0,0,0,0
0,0,0,1,0,0,1,0,0,0,0,0,0,0,0,0
2,0,0,1,0,0,0,0,0,0,1,0,0,0,0,0
6,0,0,1,0,0,0,1,0,0,0,0,0,0,0,0
9,5,1,0,0,0,0,0,0,0,0,0,0,0,0,0
4,0,0,0,0,0,2,0,0,0,0,0,0,0,0,0
2,0,0,0,0,0,0,1,1,0,2,0,0,0,0,0
7,0,0,2,0,0,1,0,0,0,0,0,0,0,0,0
3,0,0,0,0,0,1,0,0,0,0,0,0,0,0,0
8,0,0,0,0,0,0,0,0,0,2,2,0,0,0,0
13,0,0,3,0,0,0,0,0,0,0,0,0,0,0,0
5,0,0,1,0,0,1,1,0,0,1,0,0,0,0,0
7,0,0,0,0,0,0,0,0,0,0,0,0,0,0,0
10,1,0,0,0,0,2,0,0,0,0,0,0,0,0,0
10,0,0,0,0,0,0,0,0,0,0,0,0,0,0,0
7,0,0,3,0,0,0,0,0,0,1,0,0,0,0,0
10,1,0,4,0,0,1,0,3,0,2,1,1,1,0,0
2,0,0,2,0,0,1,1,0,0,2,1,0,0,0,0
6,0,0,2,0,0,2,0,0,0,0,0,0,0,0,0
12,0,0,1,0,0,0,1,0,0,0,0,0,0,0,0
6,0,1,0,0,1,0,2,0,0,0,0,0,0,0,0
13,1,0,2,0,0,1,0,0,0,0,2,0,0,0,0
10,0,1,3,0,0,0,1,0,0,1,0,0,0,0,0
6,1,0,0,0,1,1,0,0,0,1,0,0,0,0,0
13,0,0,1,0,1,0,0,0,0,0,4,0,0,1,0
8,0,0,1,0,0,1,1,1,0,0,0,0,0,0,0
15,0,2,1,0,0,3,0,1,0,0,1,0,0,0,0
18,0,0,3,0,0,2,0,1,0,1,0,0,0,0,0
9,0,0,0,0,0,0,0,0,0,1,0,0,0,0,0
18,1,0,0,0,0,0,0,0,0,0,1,1,0,1,0
9,0,0,1,0,0,1,3,2,0,1,1,0,0,0,0
9,0,0,1,0,0,0,0,0,0,3,0,0,0,0,0
5,0,0,1,0,0,1,2,1,0,0,1,0,0,0,0
12,0,0,3,0,0,0,1,1,0,0,1,0,0,0,0
9,1,0,0,0,1,4,1,0,0,1,0,1,0,0,0
6,0,0,0,0,0,1,1,3,0,0,0,0,0,0,0
17,1,0,3,0,2,2,4,0,0,2,0,0,0,1,0
9,0,0,1,0,0,0,1,0,0,1,0,0,0,1,0
11,1,1,1,1,1,0,1,0,0,0,1,2,0,0,0
8,1,0,1,0,0,1,0,0,0,0,0,0,0,0,0
11,1,0,0,0,0,2,1,1,0,0,1,0,0,0,0
5,1,0,3,0,0,3,1,0,0,0,0,0,0,0,0
2,0,0,0,0,0,2,2,0,0,0,0,0,0,0,0
6,0,0,1,0,0,0,3,1,0,1,0,0,0,0,0
18,0,0,0,2,2,0,1,3,0,0,2,1,0,0,1
8,0,0,0,0,0,1,2,0,1,0,3,0,0,0,0
14,0,1,0,0,0,1,1,0,0,1,0,0,0,0,0
5,0,0,0,0,0,1,0,0,0,1,1,0,0,0,0
12,1,0,0,0,0,1,0,0,0,0,0,0,0,0,0
7,1,0,0,0,0,1,0,1,0,0,0,0,0,0,0
14,2,1,0,0,0,4,1,0,0,1,1,1,1,1,0
11,1,1,2,0,0,3,0,1,0,0,2,0,0,0,0
16,0,1,4,0,2,0,1,0,0,0,0,1,1,0,0
8,0,0,2,0,0,0,0,1,0,0,0,0,0,0,0
19,0,0,3,0,0,0,1,1,0,0,1,0,0,0,0
4,2,0,1,0,0,3,0,0,0,0,0,1,0,0,0
10,1,0,3,0,0,1,2,0,0,1,0,0,0,0,0
13,0,1,3,0,0,0,1,0,0,0,0,0,0,0,0
8,0,0,1,0,0,0,0,0,0,0,0,0,0,1,0
4,1,0,1,0,0,1,1,0,0,0,1,0,0,1,0
13,2,0,1,0,0,1,0,0,0,0,0,0,0,1,0
12,1,1,2,0,0,1,0,1,0,1,1,0,0,0,0
12,1,0,0,0,0,2,1,0,0,0,2,0,0,1,0
5,1,0,0,0,1,1,0,0,0,0,1,0,0,0,0
11,0,0,2,0,0,2,0,5,0,1,1,0,0,0,0
12,1,0,2,0,0,3,0,0,0,0,0,0,2,0,0
17,1,1,5,0,0,2,1,0,0,0,0,0,0,0,0
5,0,1,0,0,0,2,0,1,0,0,1,0,0,1,0
7,0,1,4,1,0,2,1,1,0,2,0,0,0,1,0
8,1,0,2,0,0,0,0,0,0,0,1,0,3,0,0
5,1,0,1,0,0,0,0,0,0,0,0,0,1,0,0
5,1,0,0,0,0,0,1,0,0,0,0,1,0,0,0
10,1,0,1,0,0,3,0,0,0,0,0,0,0,0,0
4,1,0,1,0,0,2,1,0,0,0,1,0,0,0,0
9,0,1,0,0,1,1,0,2,0,0,0,0,0,0,1
5,1,0,1,0,0,1,0,0,0,0,0,0,0,0,0
8,0,0,2,0,0,1,0,1,0,0,1,0,0,1,0
9,0,1,1,0,0,1,0,1,0,0,0,0,0,1,0
9,0,0,2,0,0,0,0,2,0,0,0,1,0,0,1
10,0,0,2,0,0,1,1,0,0,0,1,0,0,1,0
4,0,0,0,0,0,0,0,0,0,0,0,0,0,0,0
10,1,0,0,0,0,0,0,0,0,0,2,0,0,0,0
5,0,1,0,0,0,1,2,0,0,0,0,0,0,0,0
3,0,1,0,0,0,0,0,0,0,0,0,0,0,0,0
1,2,1,1,0,0,0,1,1,0,0,1,0,0,0,0
4,1,0,2,0,0,0,0,0,0,0,1,1,0,0,0
7,1,0,0,0,0,0,0,0,0,0,0,1,0,0,0
12,2,0,1,0,0,0,0,0,0,0,0,0,0,0,0
9,0,0,2,1,0,1,0,0,0,0,0,0,0,0,0
6,0,0,0,0,0,0,0,0,0,0,0,0,0,0,0
4,2,0,0,0,0,0,0,0,0,0,0,0,0,0,0
7,1,0,1,1,0,1,0,0,0,0,0,0,0,0,0
7,0,0,0,0,1,1,0,0,0,0,0,0,0,0,0
10,0,0,0,0,0,1,0,0,0,0,0,0,0,0,0
5,0,0,1,0,0,0,1,0,0,0,0,0,0,0,0
5,2,0,0,0,1,0,0,0,0,0,0,0,0,0,0
3,1,0,1,0,0,1,0,0,0,0,0,0,0,0,0
5,2,1,0,0,0,0,0,1,0,0,1,0,0,0,0
9,2,0,1,0,0,0,0,0,0,0,0,0,0,0,0
5,1,0,1,0,0,0,0,0,0,0,0,0,0,0,0
3,0,1,0,0,1,0,0,0,0,0,1,0,0,0,0
7,1,0,0,0,0,1,0,0,0,0,0,0,0,2,0
6,0,0,3,0,0,0,1,0,0,0,1,0,0,0,0
12,2,1,1,0,0,0,1,0,0,0,0,0,0,0,0
3,1,0,0,0,0,0,3,0,0,0,0,0,0,0,0
6,1,0,0,0,0,0,2,0,0,0,0,0,0,1,0
3,0,1,0,0,0,0,1,0,0,0,0,0,0,0,0
3,1,2,0,0,0,0,1,0,0,0,0,0,0,0,0
9,0,0,0,0,0,0,1,0,0,0,0,0,0,0,0
8,1,1,1,0,0,0,0,0,0,0,0,0,0,0,0
2,2,0,0,0,0,0,0,0,0,0,0,0,0,0,0
5,0,0,1,0,0,0,0,1,0,0,0,0,0,0,0